State,NextState,Accept,Return,Error,Stack,M
100,1000.0,0,0,1,0,type id const return } eof
110,1100.0,0,0,0,0,type id const return
111,1110.0,0,0,1,0,} eof
120,1200.0,0,0,0,0,type
121,1210.0,0,0,0,0,id
122,1220.0,0,0,0,0,const
123,1230.0,0,0,1,0,return
130,1300.0,0,0,1,0,type
140,1400.0,0,0,0,0,=
141,1410.0,0,0,0,0,(
142,1420.0,0,0,1,0,;
150,1500.0,0,0,0,0,type
151,1510.0,0,0,1,0,)
160,1600.0,0,0,0,0,","
161,1610.0,0,0,1,0,)
170,1700.0,0,0,1,0,return
180,1800.0,0,0,1,0,id
190,1900.0,0,0,1,0,const
200,2000.0,0,0,1,0,! true false id number (
210,2100.0,0,0,0,0,<
211,2110.0,0,0,0,0,>
212,2120.0,0,0,0,0,<=
213,2130.0,0,0,0,0,>=
214,2140.0,0,0,0,0,==
215,2150.0,0,0,0,0,!=
216,2160.0,0,0,1,0,) ;
220,2200.0,0,0,1,0,! true false id number (
230,2300.0,0,0,0,0,+
231,2310.0,0,0,0,0,-
232,2320.0,0,0,1,0,) ; < > <= >= == !=
240,2400.0,0,0,1,0,! true false id number (
250,2500.0,0,0,0,0,*
251,2510.0,0,0,0,0,/
252,2520.0,0,0,1,0,) ; < > <= >= == != + -
260,2600.0,0,0,1,0,! true false id number (
270,2700.0,0,0,0,0,&&
271,2710.0,0,0,0,0,||
272,2720.0,0,0,1,0,) ; < > <= >= == != + - * /
280,2800.0,0,0,0,0,!
281,2810.0,0,0,0,0,true
282,2820.0,0,0,0,0,false
283,2830.0,0,0,0,0,id
284,2840.0,0,0,0,0,number
285,2850.0,0,0,1,0,(
290,2900.0,0,0,0,0,(
291,2910.0,0,0,1,0,) ; < > <= >= == != + - * / && ||
300,3000.0,0,0,0,0,number
301,3010.0,0,0,1,0,)
310,3100.0,0,0,1,0,","
1000,110.0,0,0,1,0,type id const return } eof
1100,120.0,0,0,1,1,type id const return
1101,1102.0,1,0,1,0,;
1102,110.0,0,0,1,0,type id const return } eof
1110,,0,1,1,0,} eof
1200,130.0,0,0,1,0,type
1210,180.0,0,0,1,0,id
1220,190.0,0,0,1,0,const
1230,170.0,0,0,1,0,return
1300,1301.0,1,0,1,0,type
1301,1302.0,1,0,1,0,id
1302,140.0,0,0,1,0,= ( ;
1400,1401.0,1,0,1,0,=
1401,200.0,0,0,1,0,! true false id number (
1410,1411.0,1,0,1,0,(
1411,150.0,0,0,1,1,type )
1412,1413.0,1,0,1,0,)
1413,1414.0,1,0,1,0,{
1414,110.0,0,0,1,1,type id const return } eof
1415,,1,1,1,0,}
1420,,0,1,1,0,;
1500,1501.0,1,0,1,0,type
1501,1502.0,1,0,1,0,id
1502,160.0,0,0,1,0,", )"
1510,,0,1,1,0,)
1600,1601.0,1,0,1,0,","
1601,1602.0,1,0,1,0,type
1602,1603.0,1,0,1,0,id
1603,160.0,0,0,1,0,", )"
1610,,0,1,1,0,)
1700,1701.0,1,0,1,0,return
1701,200.0,0,0,1,0,! true false id number (
1800,1801.0,1,0,1,0,id
1801,1802.0,1,0,1,0,=
1802,200.0,0,0,1,0,! true false id number (
1900,1901.0,1,0,1,0,const
1901,130.0,0,0,1,0,type
2000,220.0,0,0,1,1,! true false id number (
2001,210.0,0,0,1,0,) ; < > <= >= == !=
2100,2101.0,1,0,1,0,<
2101,220.0,0,0,1,1,! true false id number (
2102,210.0,0,0,1,0,) ; < > <= >= == !=
2110,2111.0,1,0,1,0,>
2111,220.0,0,0,1,1,! true false id number (
2112,210.0,0,0,1,0,) ; < > <= >= == !=
2120,2121.0,1,0,1,0,<=
2121,220.0,0,0,1,1,! true false id number (
2122,210.0,0,0,1,0,) ; < > <= >= == !=
2130,2131.0,1,0,1,0,>=
2131,220.0,0,0,1,1,! true false id number (
2132,210.0,0,0,1,0,) ; < > <= >= == !=
2140,2141.0,1,0,1,0,==
2141,220.0,0,0,1,1,! true false id number (
2142,210.0,0,0,1,0,) ; < > <= >= == !=
2150,2151.0,1,0,1,0,!=
2151,220.0,0,0,1,1,! true false id number (
2152,210.0,0,0,1,0,) ; < > <= >= == !=
2160,,0,1,1,0,) ;
2200,240.0,0,0,1,1,! true false id number (
2201,230.0,0,0,1,0,) ; < > <= >= == != + -
2300,2301.0,1,0,1,0,+
2301,240.0,0,0,1,1,! true false id number (
2302,230.0,0,0,1,0,) ; < > <= >= == != + -
2310,2311.0,1,0,1,0,-
2311,240.0,0,0,1,1,! true false id number (
2312,230.0,0,0,1,0,) ; < > <= >= == != + -
2320,,0,1,1,0,) ; < > <= >= == !=
2400,260.0,0,0,1,1,! true false id number (
2401,250.0,0,0,1,0,) ; < > <= >= == != + - * /
2500,2501.0,1,0,1,0,*
2501,260.0,0,0,1,1,! true false id number (
2502,250.0,0,0,1,0,) ; < > <= >= == != + - * /
2510,2511.0,1,0,1,0,/
2511,260.0,0,0,1,1,! true false id number (
2512,250.0,0,0,1,0,) ; < > <= >= == != + - * /
2520,,0,1,1,0,) ; < > <= >= == != + -
2600,280.0,0,0,1,1,! true false id number (
2601,270.0,0,0,1,0,) ; < > <= >= == != + - * / && ||
2700,2701.0,1,0,1,0,&&
2701,280.0,0,0,1,1,! true false id number (
2702,270.0,0,0,1,0,) ; < > <= >= == != + - * / && ||
2710,2711.0,1,0,1,0,||
2711,280.0,0,0,1,1,! true false id number (
2712,270.0,0,0,1,0,) ; < > <= >= == != + - * / && ||
2720,,0,1,1,0,) ; < > <= >= == != + - * /
2800,2801.0,1,0,1,0,!
2801,280.0,0,0,1,0,! true false id number (
2810,,1,1,1,0,true
2820,,1,1,1,0,false
2830,2831.0,1,0,1,0,id
2831,290.0,0,0,1,0,( ) ; < > <= >= == != + - * / && ||
2840,,1,1,1,0,number
2850,2851.0,1,0,1,0,(
2851,200.0,0,0,1,1,! true false id number (
2852,,1,1,1,0,)
2900,2901.0,1,0,1,0,(
2901,300.0,0,0,1,1,number )
2902,,1,1,1,0,)
2910,,0,1,1,0,) ; < > <= >= == != + - * / && ||
3000,3001.0,1,0,1,0,number
3001,310.0,0,0,1,0,","
3010,,0,1,1,0,)
3100,3101.0,1,0,1,0,","
3101,3102.0,1,0,1,0,number
3102,310.0,0,0,1,0,","
